<?xml version="1.0" encoding="UTF-8"?>
<project-private xmlns="http://www.netbeans.org/ns/project-private/1">
    <editor-bookmarks xmlns="http://www.netbeans.org/ns/editor-bookmarks/1"/>
    <editor-bookmarks xmlns="http://www.netbeans.org/ns/editor-bookmarks/2" lastBookmarkId="0"/>
    <open-files xmlns="http://www.netbeans.org/ns/projectui-open-files/2">
        <group>
            <file>file:/D:/isacn/Desktop/IDE%20ORIGINAL/Triangle_-_Java_LLPerez_v1.1/ide-triangle-v1.1.src/src/Core/Visitors/TreeVisitor.java</file>
            <file>file:/D:/isacn/Desktop/IDE%20ORIGINAL/Triangle_-_Java_LLPerez_v1.1/ide-triangle-v1.1.src/src/Core/Visitors/TableVisitor.java</file>
        </group>
    </open-files>
</project-private>
