<?xml version="1.0" encoding="UTF-8"?>
<project-private xmlns="http://www.netbeans.org/ns/project-private/1">
    <editor-bookmarks xmlns="http://www.netbeans.org/ns/editor-bookmarks/1"/>
    <editor-bookmarks xmlns="http://www.netbeans.org/ns/editor-bookmarks/2" lastBookmarkId="0"/>
    <open-files xmlns="http://www.netbeans.org/ns/projectui-open-files/2">
        <group>
            <file>file:/C:/Users/ommej/OneDrive/TEC/II%20semestre%202022/Compi/Proyecto1_Compiladores/ide-triangle-v1.1.src/src/Triangle/SyntacticAnalyzer/Parser.java</file>
            <file>file:/C:/Users/ommej/OneDrive/TEC/II%20semestre%202022/Compi/Proyecto1_Compiladores/ide-triangle-v1.1.src/src/Core/Visitors/TableVisitor.java</file>
            <file>file:/C:/Users/ommej/OneDrive/TEC/II%20semestre%202022/Compi/Proyecto1_Compiladores/ide-triangle-v1.1.src/src/Triangle/TreeDrawer/XMLcreator.java</file>
            <file>file:/C:/Users/ommej/OneDrive/TEC/II%20semestre%202022/Compi/Proyecto1_Compiladores/ide-triangle-v1.1.src/src/Core/Visitors/TreeVisitor.java</file>
        </group>
    </open-files>
</project-private>
