<?xml version="1.0" encoding="ISO-8859-1"?>
<Program>
<SelectCommand>
<VnameExpression>
<SimpleVname>
<Identifier value='x'>
</Identifier>
</SimpleVname>
</VnameExpression>
<CasesCommand>
<SingleCase>
<CaseCommand>
<CaseLiterals>
<SingleCaseRange>
<CaseRangeCommand>
<CaseLiteralCommand>
<CharacterLiteral value='c'>
</CharacterLiteral>
</CaseLiteralCommand>
</CaseRangeCommand>
</SingleCaseRange>
</CaseLiterals>
<AssignCommand>
<SimpleVname>
<Identifier value='x'>
</Identifier>
</SimpleVname>
<BinaryExpression>
<VnameExpression>
<SimpleVname>
<Identifier value='x'>
</Identifier>
</SimpleVname>
</VnameExpression>
<Operator value= '+'>
</Operator>
<IntegerExpression>
<IntegerLiteral value= '1'>
</IntegerLiteral>
</IntegerExpression>
</BinaryExpression>
</AssignCommand>
</CaseCommand>
</SingleCase>
</CasesCommand>
</SelectCommand>
</Program>
