<?xml version="1.0" encoding="ISO-8859-1"?>
<Program>
<LetCommand>
<SequentialDeclaration>
<SequentialDeclaration>
<FuncDeclaration>
<SimpleTypeDenoter>
<Identifier value='x'>
</Identifier>
</SimpleTypeDenoter>
<EmptyFormalParameterSequence>
</EmptyFormalParameterSequence>
<IntegerExpression>
<IntegerLiteral value= '1'>
</IntegerLiteral>
</IntegerExpression>
</FuncDeclaration>
<ProcDeclaration>
<EmptyFormalParameterSequence>
</EmptyFormalParameterSequence>
<CallCommand>
<Identifier value='put'>
</Identifier>
<SingleActualParameterSequence>
<ConstActualParameter>
<CharacterExpression>
<CharacterLiteral value='z'>
</CharacterLiteral>
</CharacterExpression>
</ConstActualParameter>
</SingleActualParameterSequence>
</CallCommand>
</ProcDeclaration>
</SequentialDeclaration>
<FuncDeclaration>
<SimpleTypeDenoter>
<Identifier value='z'>
</Identifier>
</SimpleTypeDenoter>
<EmptyFormalParameterSequence>
</EmptyFormalParameterSequence>
<IntegerExpression>
<IntegerLiteral value= '2'>
</IntegerLiteral>
</IntegerExpression>
</FuncDeclaration>
</SequentialDeclaration>
<CallCommand>
<Identifier value='x'>
</Identifier>
<EmptyActualParameterSequence>
</EmptyActualParameterSequence>
</CallCommand>
</LetCommand>
</Program>
