<?xml version="1.0" encoding="ISO-8859-1"?>
<Program>
<LetCommand>
<ProcDeclaration>
<EmptyFormalParameterSequence>
</EmptyFormalParameterSequence>
<CallCommand>
<Identifier value='put'>
</Identifier>
<SingleActualParameterSequence>
<ConstActualParameter>
<CharacterExpression>
<CharacterLiteral value='z'>
</CharacterLiteral>
</CharacterExpression>
</ConstActualParameter>
</SingleActualParameterSequence>
</CallCommand>
</ProcDeclaration>
<CallCommand>
<Identifier value='x'>
</Identifier>
<EmptyActualParameterSequence>
</EmptyActualParameterSequence>
</CallCommand>
</LetCommand>
</Program>
