<?xml version="1.0" encoding="ISO-8859-1"?>
<Program>
<LetCommand>
<VarDeclaration>
<SimpleTypeDenoter>
<Identifier value='Integer'>
</Identifier>
</SimpleTypeDenoter>
</VarDeclaration>
<CallCommand>
<Identifier value='putint'>
</Identifier>
<SingleActualParameterSequence>
<ConstActualParameter>
<VnameExpression>
<SimpleVname>
<Identifier value='a'>
</Identifier>
</SimpleVname>
</VnameExpression>
</ConstActualParameter>
</SingleActualParameterSequence>
</CallCommand>
</LetCommand>
</Program>
