<?xml version="1.0" encoding="ISO-8859-1"?>
<Program>
<LetCommand>
<SequentialDeclaration>
<VarDeclaration>
<SimpleTypeDenoter>
<Identifier value='Char'>
</Identifier>
</SimpleTypeDenoter>
</VarDeclaration>
<VarDeclaration>
<SimpleTypeDenoter>
<Identifier value='Integer'>
</Identifier>
</SimpleTypeDenoter>
</VarDeclaration>
</SequentialDeclaration>
<AssignCommand>
<SimpleVname>
<Identifier value='x'>
</Identifier>
</SimpleVname>
<IntegerExpression>
<IntegerLiteral value= '5'>
</IntegerLiteral>
</IntegerExpression>
</AssignCommand>
</LetCommand>
</Program>
